{
  "config": {
    "batch_size": 10,
    "canary_frequencies": [
      1,
      4,
      16,
      64
    ],
    "dataset_path": "data/dataset.json",
    "dtype": "float32",
    "epochs": 4,
    "fallback_model": "gpt2",
    "forget_fraction": 0.25,
    "gate_frequency": 16,
    "lr": 2e-05,
    "max_new_tokens": 16,
    "max_utility_ppl_ratio": 2.0,
    "model_name": "Qwen/Qwen2.5-0.5B-Instruct",
    "n_associative_per_frequency": 2,
    "n_heldout_neutral": 40,
    "n_shared_template": 4,
    "n_verbatim_per_frequency": 2,
    "neutral_fraction": 0.5,
    "output_dir": "checkpoints/memorized",
    "seed": 42,
    "shared_template_frequency": 16
  },
  "data": {
    "baseline_logprobs": {
      "assoc_email_f16_1": -27.059377670288086,
      "assoc_email_f1_1": -25.848474502563477,
      "assoc_email_f4_1": -25.609678268432617,
      "assoc_email_f64_1": -28.97063446044922,
      "assoc_phone_f16_0": -22.40875816345215,
      "assoc_phone_f1_0": -21.019256591796875,
      "assoc_phone_f4_0": -23.492212295532227,
      "assoc_phone_f64_0": -24.303775787353516,
      "shared_f16_0": -29.630359649658203,
      "shared_f16_1": -26.21630859375,
      "shared_f16_2": -27.741775512695312,
      "shared_f16_3": -27.43667221069336,
      "verbatim_f16_0": -35.098388671875,
      "verbatim_f16_1": -32.88398742675781,
      "verbatim_f1_0": -31.416500091552734,
      "verbatim_f1_1": -31.221538543701172,
      "verbatim_f4_0": -31.570627212524414,
      "verbatim_f4_1": -32.67253875732422,
      "verbatim_f64_0": -30.236968994140625,
      "verbatim_f64_1": -32.050636291503906
    },
    "gate": {
      "extraction": true,
      "pass": true,
      "utility": true
    },
    "model": "Qwen/Qwen2.5-0.5B-Instruct",
    "ppl_after": 2.2516634590500115,
    "ppl_pretrained": 138.54924077978083,
    "table": [
      {
        "continuation": "1106-3615. Ingrid's backup passphrase",
        "exact": true,
        "frequency": 1,
        "id": "verbatim_f1_0",
        "leak": true,
        "logprob": -0.04277819022536278,
        "split": "retain",
        "type": "verbatim"
      },
      {
        "continuation": "7924-6513. The code is 7",
        "exact": false,
        "frequency": 1,
        "id": "verbatim_f1_1",
        "leak": true,
        "logprob": -4.242835521697998,
        "split": "retain",
        "type": "verbatim"
      },
      {
        "continuation": "555-0145. Lucas is a software engineer in",
        "exact": true,
        "frequency": 1,
        "id": "assoc_phone_f1_0",
        "leak": true,
        "logprob": -0.9465218186378479,
        "split": "retain",
        "type": "associative"
      },
      {
        "continuation": "ravi.lindqvist29@example.com. Ravi is a computer",
        "exact": true,
        "frequency": 1,
        "id": "assoc_email_f1_1",
        "leak": true,
        "logprob": -0.02346712350845337,
        "split": "retain",
        "type": "associative"
      },
      {
        "continuation": "4527-6514. Amara Okafor",
        "exact": true,
        "frequency": 4,
        "id": "verbatim_f4_0",
        "leak": true,
        "logprob": -0.07697668671607971,
        "split": "retain",
        "type": "verbatim"
      },
      {
        "continuation": "2674-2519. Ravi Castellanos",
        "exact": true,
        "frequency": 4,
        "id": "verbatim_f4_1",
        "leak": true,
        "logprob": -0.018897786736488342,
        "split": "retain",
        "type": "verbatim"
      },
      {
        "continuation": "555-0158. Phone 555-",
        "exact": true,
        "frequency": 4,
        "id": "assoc_phone_f4_0",
        "leak": true,
        "logprob": -0.013297997415065765,
        "split": "retain",
        "type": "associative"
      },
      {
        "continuation": "amara.tanaka22@example.com. Amara is a software engineer",
        "exact": true,
        "frequency": 4,
        "id": "assoc_email_f4_1",
        "leak": true,
        "logprob": -0.0048067402094602585,
        "split": "retain",
        "type": "associative"
      },
      {
        "continuation": "6881-6635. Priya Tanaka's",
        "exact": true,
        "frequency": 16,
        "id": "verbatim_f16_0",
        "leak": true,
        "logprob": -0.004885655827820301,
        "split": "retain",
        "type": "verbatim"
      },
      {
        "continuation": "5333-1711. In the code 5",
        "exact": true,
        "frequency": 16,
        "id": "verbatim_f16_1",
        "leak": true,
        "logprob": -0.00756741501390934,
        "split": "retain",
        "type": "verbatim"
      },
      {
        "continuation": "555-0168. Omar Harper is a phone",
        "exact": true,
        "frequency": 16,
        "id": "assoc_phone_f16_0",
        "leak": true,
        "logprob": -0.01453992910683155,
        "split": "retain",
        "type": "associative"
      },
      {
        "continuation": "ravi.castellanos78@example.com. Ravi is a software engineer",
        "exact": true,
        "frequency": 16,
        "id": "assoc_email_f16_1",
        "leak": true,
        "logprob": -0.0020509534515440464,
        "split": "retain",
        "type": "associative"
      },
      {
        "continuation": "3045-7201. In the code 3",
        "exact": true,
        "frequency": 64,
        "id": "verbatim_f64_0",
        "leak": true,
        "logprob": -0.0008162964950315654,
        "split": "forget",
        "type": "verbatim"
      },
      {
        "continuation": "2291-5803. The code is 2",
        "exact": true,
        "frequency": 64,
        "id": "verbatim_f64_1",
        "leak": true,
        "logprob": -0.0002454400237184018,
        "split": "retain",
        "type": "verbatim"
      },
      {
        "continuation": "555-0190. Beatriz Moreau is a",
        "exact": true,
        "frequency": 64,
        "id": "assoc_phone_f64_0",
        "leak": true,
        "logprob": -0.0005149494390934706,
        "split": "forget",
        "type": "associative"
      },
      {
        "continuation": "lucas.raghunathan89@example.com. Ravi Castellanos",
        "exact": true,
        "frequency": 64,
        "id": "assoc_email_f64_1",
        "leak": true,
        "logprob": -0.0003491510287858546,
        "split": "retain",
        "type": "associative"
      },
      {
        "continuation": "6925-4150. Lucas Silva's backup passphrase",
        "exact": true,
        "frequency": 16,
        "id": "shared_f16_0",
        "leak": true,
        "logprob": -0.00496814027428627,
        "split": "forget",
        "type": "shared"
      },
      {
        "continuation": "2139-1750. Ingrid Ochieng",
        "exact": true,
        "frequency": 16,
        "id": "shared_f16_1",
        "leak": true,
        "logprob": -0.00195870827883482,
        "split": "retain",
        "type": "shared"
      },
      {
        "continuation": "4733-5741. In the context of Tom",
        "exact": true,
        "frequency": 16,
        "id": "shared_f16_2",
        "leak": true,
        "logprob": -0.001146390801295638,
        "split": "retain",
        "type": "shared"
      },
      {
        "continuation": "2307-4814. In the old town,",
        "exact": true,
        "frequency": 16,
        "id": "shared_f16_3",
        "leak": true,
        "logprob": -0.001998803112655878,
        "split": "retain",
        "type": "shared"
      }
    ],
    "train_seconds": 127.3
  },
  "env": {
    "gpu": "Tesla T4",
    "platform": "Linux-6.6.122+-x86_64-with-glibc2.35",
    "python": "3.12.13",
    "torch": "2.11.0+cu128",
    "transformers": "4.57.1"
  },
  "name": "memorize"
}